STATE/UT,YEAR,CRIME HEAD,Male 16-18 years,Female 16-18 years,Total 16-18 years,Male 18-30 years,Female 18-30 years,Total 18-30 years,Male 30-50 years,Female 30-50 years,Total 30-50 years,Male Above 50 years,Female Above 50 years,Total Above 50 years,Total Male,Total Female,Grand Total
Andaman and Nicobar Islands,2013,MURDER,0,0,0,7,0,7,22,0,22,9,0,9,38,0,38
Andaman and Nicobar Islands,2013,ATTEMPT TO COMMIT MURDER,0,0,0,0,0,0,2,0,2,0,0,0,2,0,2
Andaman and Nicobar Islands,2013,C.H. NOT AMOUNTING TO MURDER,0,0,0,0,0,0,3,0,3,0,0,0,3,0,3
Andaman and Nicobar Islands,2013,RAPE,0,0,0,2,0,2,3,0,3,1,0,1,6,0,6
Andaman and Nicobar Islands,2013,KIDNAPPING AND ABDUCTION,0,0,0,0,0,0,0,0,0,0,0,0,0,0,0
Andaman and Nicobar Islands,2013,DACOITY,0,0,0,0,0,0,0,0,0,0,0,0,0,0,0
Andaman and Nicobar Islands,2013,PREP. AND ASSEMBLY FOR DACOITY,0,0,0,0,0,0,0,0,0,0,0,0,0,0,0
Andaman and Nicobar Islands,2013,ROBBERY,0,0,0,0,0,0,0,0,0,0,0,0,0,0,0
Andaman and Nicobar Islands,2013,BURGLARY,0,0,0,0,0,0,0,0,0,0,0,0,0,0,0
Andaman and Nicobar Islands,2013,THEFTS,0,0,0,1,0,1,0,1,1,0,0,0,1,1,2
Andaman and Nicobar Islands,2013,EXTORTION,0,0,0,0,0,0,0,0,0,0,0,0,0,0,0
Andaman and Nicobar Islands,2013,RIOTS,0,0,0,0,0,0,0,0,0,0,0,0,0,0,0
Andaman and Nicobar Islands,2013,ARSON,0,0,0,0,0,0,0,0,0,0,0,0,0,0,0
Andaman and Nicobar Islands,2013,CRIMINAL BREACH OF TRUST,0,0,0,0,0,0,0,0,0,0,0,0,0,0,0
Andaman and Nicobar Islands,2013,CHEATING,0,0,0,0,0,0,0,0,0,0,0,0,0,0,0
Andaman and Nicobar Islands,2013,COUNTER FEITING,0,0,0,0,0,0,0,0,0,0,0,0,0,0,0
Andaman and Nicobar Islands,2013,DOWRY DEATHS,0,0,0,0,0,0,0,0,0,0,0,0,0,0,0
Andaman and Nicobar Islands,2013,MOLESTATION,0,0,0,0,0,0,0,0,0,0,0,0,0,0,0
Andaman and Nicobar Islands,2013,EVE-TEASING,0,0,0,0,0,0,0,0,0,0,0,0,0,0,0
Andaman and Nicobar Islands,2013,CRUELTY BY HUSBAND OR RELATIVE OF HUSBAND,0,0,0,0,0,0,0,0,0,0,0,0,0,0,0
Andaman and Nicobar Islands,2013,OTHER IPC CRIMES,0,0,0,1,0,1,5,0,5,1,0,1,7,0,7
Andaman and Nicobar Islands,2013,TOTAL IPC,0,0,0,11,0,11,35,1,36,11,0,11,57,1,58
Andhra Pradesh,2013,MURDER,0,0,0,822,32,854,1612,121,1733,177,41,218,2611,194,2805
Andhra Pradesh,2013,ATTEMPT TO COMMIT MURDER,0,0,0,28,1,29,74,7,81,13,1,14,115,9,124
Andhra Pradesh,2013,C.H. NOT AMOUNTING TO MURDER,0,0,0,16,0,16,22,0,22,10,0,10,48,0,48
Andhra Pradesh,2013,RAPE,0,0,0,72,0,72,51,1,52,8,0,8,131,1,132
Andhra Pradesh,2013,KIDNAPPING AND ABDUCTION,0,0,0,22,0,22,22,2,24,2,0,2,46,2,48
Andhra Pradesh,2013,DACOITY,0,0,0,39,1,40,48,2,50,3,0,3,90,3,93
Andhra Pradesh,2013,PREP. AND ASSEMBLY FOR DACOITY,0,0,0,3,0,3,0,0,0,0,0,0,3,0,3
Andhra Pradesh,2013,ROBBERY,0,0,0,32,0,32,23,2,25,3,0,3,58,2,60
Andhra Pradesh,2013,BURGLARY,0,0,0,21,0,21,13,0,13,5,0,5,39,0,39
Andhra Pradesh,2013,THEFTS,0,0,0,248,0,248,106,1,107,5,1,6,359,2,361
Andhra Pradesh,2013,EXTORTION,0,0,0,9,0,9,5,0,5,0,0,0,14,0,14
Andhra Pradesh,2013,RIOTS,0,0,0,1,0,1,3,0,3,0,0,0,4,0,4
Andhra Pradesh,2013,ARSON,0,0,0,0,0,0,5,0,5,3,0,3,8,0,8
Andhra Pradesh,2013,CRIMINAL BREACH OF TRUST,0,0,0,0,0,0,0,0,0,0,0,0,0,0,0
Andhra Pradesh,2013,CHEATING,0,0,0,9,1,10,9,1,10,0,1,1,18,3,21
Andhra Pradesh,2013,COUNTER FEITING,0,0,0,0,0,0,0,0,0,3,0,3,3,0,3
Andhra Pradesh,2013,DOWRY DEATHS,0,0,0,36,1,37,93,15,108,15,14,29,144,30,174
Andhra Pradesh,2013,MOLESTATION,0,0,0,9,0,9,11,0,11,1,0,1,21,0,21
Andhra Pradesh,2013,EVE-TEASING,0,0,0,0,0,0,0,0,0,0,0,0,0,0,0
Andhra Pradesh,2013,CRUELTY BY HUSBAND OR RELATIVE OF HUSBAND,0,0,0,9,0,9,14,0,14,1,0,1,24,0,24
Andhra Pradesh,2013,OTHER IPC CRIMES,0,0,0,133,1,134,97,3,100,25,0,25,255,4,259
Andhra Pradesh,2013,TOTAL IPC,0,0,0,1509,37,1546,2208,155,2363,274,58,332,3991,250,4241
Arunachal Pradesh,2013,MURDER,0,0,0,0,0,0,1,0,1,0,0,0,1,0,1
Arunachal Pradesh,2013,ATTEMPT TO COMMIT MURDER,0,0,0,0,0,0,0,0,0,0,0,0,0,0,0
Arunachal Pradesh,2013,C.H. NOT AMOUNTING TO MURDER,0,0,0,0,0,0,2,1,3,0,0,0,2,1,3
Arunachal Pradesh,2013,RAPE,0,0,0,1,0,1,2,0,2,2,0,2,5,0,5
Arunachal Pradesh,2013,KIDNAPPING AND ABDUCTION,0,0,0,0,0,0,0,0,0,0,0,0,0,0,0
Arunachal Pradesh,2013,DACOITY,0,0,0,0,0,0,0,0,0,0,0,0,0,0,0
Arunachal Pradesh,2013,PREP. AND ASSEMBLY FOR DACOITY,0,0,0,0,0,0,0,0,0,0,0,0,0,0,0
Arunachal Pradesh,2013,ROBBERY,0,0,0,0,0,0,0,0,0,0,0,0,0,0,0
Arunachal Pradesh,2013,BURGLARY,0,0,0,0,0,0,0,0,0,0,0,0,0,0,0
Arunachal Pradesh,2013,THEFTS,0,0,0,0,0,0,0,0,0,0,0,0,0,0,0
Arunachal Pradesh,2013,EXTORTION,0,0,0,0,0,0,1,0,1,0,0,0,1,0,1
Arunachal Pradesh,2013,RIOTS,0,0,0,0,0,0,0,0,0,0,0,0,0,0,0
Arunachal Pradesh,2013,ARSON,0,0,0,0,0,0,0,0,0,0,0,0,0,0,0
Arunachal Pradesh,2013,CRIMINAL BREACH OF TRUST,0,0,0,0,0,0,0,0,0,0,0,0,0,0,0
Arunachal Pradesh,2013,CHEATING,0,0,0,0,0,0,1,0,1,0,0,0,1,0,1
Arunachal Pradesh,2013,COUNTER FEITING,0,0,0,0,0,0,0,0,0,0,0,0,0,0,0
Arunachal Pradesh,2013,DOWRY DEATHS,0,0,0,0,0,0,0,0,0,0,0,0,0,0,0
Arunachal Pradesh,2013,MOLESTATION,0,0,0,0,0,0,0,0,0,0,0,0,0,0,0
Arunachal Pradesh,2013,EVE-TEASING,0,0,0,0,0,0,0,0,0,0,0,0,0,0,0
Arunachal Pradesh,2013,CRUELTY BY HUSBAND OR RELATIVE OF HUSBAND,0,0,0,0,0,0,0,0,0,0,0,0,0,0,0
Arunachal Pradesh,2013,OTHER IPC CRIMES,0,0,0,0,0,0,0,0,0,0,0,0,0,0,0
Arunachal Pradesh,2013,TOTAL IPC,0,0,0,1,0,1,7,1,8,2,0,2,10,1,11
Assam,2013,MURDER,0,0,0,394,10,404,1022,40,1062,280,12,292,1696,62,1758
Assam,2013,ATTEMPT TO COMMIT MURDER,0,0,0,40,0,40,257,8,265,57,3,60,354,11,365
Assam,2013,C.H. NOT AMOUNTING TO MURDER,0,0,0,31,1,32,92,9,101,27,0,27,150,10,160
Assam,2013,RAPE,0,0,0,60,0,60,173,3,176,19,0,19,252,3,255
Assam,2013,KIDNAPPING AND ABDUCTION,0,0,0,20,1,21,38,0,38,2,2,4,60,3,63
Assam,2013,DACOITY,0,0,0,19,0,19,32,0,32,5,1,6,56,1,57
Assam,2013,PREP. AND ASSEMBLY FOR DACOITY,0,0,0,1,0,1,0,0,0,2,0,2,3,0,3
Assam,2013,ROBBERY,0,0,0,10,0,10,16,1,17,0,0,0,26,1,27
Assam,2013,BURGLARY,0,0,0,2,0,2,10,0,10,0,0,0,12,0,12
Assam,2013,THEFTS,0,0,0,25,0,25,70,1,71,12,1,13,107,2,109
Assam,2013,EXTORTION,0,0,0,2,0,2,6,0,6,2,0,2,10,0,10
Assam,2013,RIOTS,0,0,0,7,0,7,4,0,4,0,0,0,11,0,11
Assam,2013,ARSON,0,0,0,5,0,5,11,0,11,2,0,2,18,0,18
Assam,2013,CRIMINAL BREACH OF TRUST,0,0,0,1,0,1,1,0,1,0,0,0,2,0,2
Assam,2013,CHEATING,0,0,0,1,0,1,1,0,1,0,0,0,2,0,2
Assam,2013,COUNTER FEITING,0,0,0,8,0,8,3,0,3,0,0,0,11,0,11
Assam,2013,DOWRY DEATHS,0,0,0,2,0,2,20,0,20,2,0,2,24,0,24
Assam,2013,MOLESTATION,0,0,0,0,0,0,2,0,2,0,0,0,2,0,2
Assam,2013,EVE-TEASING,0,0,0,0,0,0,0,0,0,0,0,0,0,0,0
Assam,2013,CRUELTY BY HUSBAND OR RELATIVE OF HUSBAND,0,0,0,4,0,4,16,0,16,1,0,1,21,0,21
Assam,2013,OTHER IPC CRIMES,0,0,0,12,0,12,22,3,25,3,0,3,37,3,40
Assam,2013,TOTAL IPC,0,0,0,644,12,656,1796,65,1861,414,19,433,2854,96,2950
Bihar,2013,MURDER,0,0,0,489,5,494,1186,31,1217,604,15,619,2279,51,2330
Bihar,2013,ATTEMPT TO COMMIT MURDER,0,0,0,76,2,78,197,7,204,62,3,65,335,12,347
Bihar,2013,C.H. NOT AMOUNTING TO MURDER,0,0,0,13,1,14,44,4,48,16,3,19,73,8,81
Bihar,2013,RAPE,0,0,0,60,0,60,54,0,54,9,0,9,123,0,123
Bihar,2013,KIDNAPPING AND ABDUCTION,0,0,0,63,2,65,102,2,104,49,2,51,214,6,220
Bihar,2013,DACOITY,0,0,0,40,1,41,76,0,76,24,0,24,140,1,141
Bihar,2013,PREP. AND ASSEMBLY FOR DACOITY,0,0,0,16,0,16,11,0,11,8,1,9,35,1,36
Bihar,2013,ROBBERY,0,0,0,35,0,35,35,0,35,10,0,10,80,0,80
Bihar,2013,BURGLARY,0,0,0,3,0,3,9,0,9,2,0,2,14,0,14
Bihar,2013,THEFTS,0,0,0,65,0,65,67,0,67,27,0,27,159,0,159
Bihar,2013,EXTORTION,0,0,0,12,0,12,14,0,14,1,0,1,27,0,27
Bihar,2013,RIOTS,0,0,0,3,0,3,0,0,0,0,0,0,3,0,3
Bihar,2013,ARSON,0,0,0,2,0,2,7,0,7,3,0,3,12,0,12
Bihar,2013,CRIMINAL BREACH OF TRUST,0,0,0,3,0,3,6,0,6,0,0,0,9,0,9
Bihar,2013,CHEATING,0,0,0,6,0,6,12,0,12,3,0,3,21,0,21
Bihar,2013,COUNTER FEITING,0,0,0,3,0,3,8,0,8,0,0,0,11,0,11
Bihar,2013,DOWRY DEATHS,0,0,0,50,4,54,129,15,144,73,11,84,252,30,282
Bihar,2013,MOLESTATION,0,0,0,0,0,0,4,0,4,0,0,0,4,0,4
Bihar,2013,EVE-TEASING,0,0,0,0,0,0,0,0,0,0,0,0,0,0,0
Bihar,2013,CRUELTY BY HUSBAND OR RELATIVE OF HUSBAND,0,0,0,6,1,7,15,0,15,1,0,1,22,1,23
Bihar,2013,OTHER IPC CRIMES,0,0,0,4,0,4,3,1,4,3,1,4,10,2,12
Bihar,2013,TOTAL IPC,0,0,0,949,16,965,1979,60,2039,895,36,931,3823,112,3935
Chandigarh,2013,MURDER,0,0,0,28,2,30,21,4,25,8,1,9,57,7,64
Chandigarh,2013,ATTEMPT TO COMMIT MURDER,0,0,0,6,0,6,6,0,6,4,0,4,16,0,16
Chandigarh,2013,C.H. NOT AMOUNTING TO MURDER,0,0,0,4,0,4,5,1,6,2,0,2,11,1,12
Chandigarh,2013,RAPE,0,0,0,22,0,22,14,1,15,4,0,4,40,1,41
Chandigarh,2013,KIDNAPPING AND ABDUCTION,0,0,0,6,0,6,5,0,5,3,0,3,14,0,14
Chandigarh,2013,DACOITY,0,0,0,3,0,3,2,0,2,2,0,2,7,0,7
Chandigarh,2013,PREP. AND ASSEMBLY FOR DACOITY,0,0,0,4,0,4,4,0,4,0,0,0,8,0,8
Chandigarh,2013,ROBBERY,0,0,0,1,0,1,2,0,2,4,0,4,7,0,7
Chandigarh,2013,BURGLARY,0,0,0,0,0,0,0,0,0,3,0,3,3,0,3
Chandigarh,2013,THEFTS,0,0,0,6,1,7,7,1,8,6,0,6,19,2,21
Chandigarh,2013,EXTORTION,0,0,0,1,0,1,0,0,0,0,0,0,1,0,1
Chandigarh,2013,RIOTS,0,0,0,0,0,0,0,0,0,0,0,0,0,0,0
Chandigarh,2013,ARSON,0,0,0,0,0,0,0,0,0,0,0,0,0,0,0
Chandigarh,2013,CRIMINAL BREACH OF TRUST,0,0,0,4,0,4,2,0,2,0,0,0,6,0,6
Chandigarh,2013,CHEATING,0,0,0,2,0,2,3,0,3,0,0,0,5,0,5
Chandigarh,2013,COUNTER FEITING,0,0,0,0,0,0,0,0,0,0,0,0,0,0,0
Chandigarh,2013,DOWRY DEATHS,0,0,0,2,0,2,2,0,2,0,0,0,4,0,4
Chandigarh,2013,MOLESTATION,0,0,0,0,0,0,0,0,0,0,0,0,0,0,0
Chandigarh,2013,EVE-TEASING,0,0,0,0,0,0,0,0,0,0,0,0,0,0,0
Chandigarh,2013,CRUELTY BY HUSBAND OR RELATIVE OF HUSBAND,0,0,0,0,0,0,3,0,3,0,0,0,3,0,3
Chandigarh,2013,OTHER IPC CRIMES,0,0,0,0,0,0,0,0,0,0,0,0,0,0,0
Chandigarh,2013,TOTAL IPC,0,0,0,89,3,92,76,7,83,36,1,37,201,11,212
Chhatisgarh,2013,MURDER,0,0,0,1250,67,1317,2032,114,2146,740,30,770,4022,211,4233
Chhatisgarh,2013,ATTEMPT TO COMMIT MURDER,0,0,0,137,5,142,125,1,126,38,2,40,300,8,308
Chhatisgarh,2013,C.H. NOT AMOUNTING TO MURDER,0,0,0,73,1,74,73,3,76,23,4,27,169,8,177
Chhatisgarh,2013,RAPE,0,0,0,300,1,301,229,0,229,52,0,52,581,1,582
Chhatisgarh,2013,KIDNAPPING AND ABDUCTION,0,0,0,27,4,31,22,2,24,8,0,8,57,6,63
Chhatisgarh,2013,DACOITY,0,0,0,71,0,71,52,0,52,6,0,6,129,0,129
Chhatisgarh,2013,PREP. AND ASSEMBLY FOR DACOITY,0,0,0,3,0,3,1,0,1,0,0,0,4,0,4
Chhatisgarh,2013,ROBBERY,0,0,0,54,0,54,38,0,38,4,0,4,96,0,96
Chhatisgarh,2013,BURGLARY,0,0,0,22,0,22,16,0,16,0,0,0,38,0,38
Chhatisgarh,2013,THEFTS,0,0,0,51,1,52,29,0,29,2,0,2,82,1,83
Chhatisgarh,2013,EXTORTION,0,0,0,2,0,2,1,0,1,0,0,0,3,0,3
Chhatisgarh,2013,RIOTS,0,0,0,0,0,0,0,0,0,0,0,0,0,0,0
Chhatisgarh,2013,ARSON,0,0,0,6,0,6,2,0,2,2,0,2,10,0,10
Chhatisgarh,2013,CRIMINAL BREACH OF TRUST,0,0,0,0,0,0,0,0,0,0,0,0,0,0,0
Chhatisgarh,2013,CHEATING,0,0,0,13,0,13,19,0,19,9,0,9,41,0,41
Chhatisgarh,2013,COUNTER FEITING,0,0,0,14,1,15,9,0,9,2,0,2,25,1,26
Chhatisgarh,2013,DOWRY DEATHS,0,0,0,83,5,88,31,19,50,20,11,31,134,35,169
Chhatisgarh,2013,MOLESTATION,0,0,0,15,0,15,10,0,10,2,0,2,27,0,27
Chhatisgarh,2013,EVE-TEASING,0,0,0,1,0,1,0,0,0,0,0,0,1,0,1
Chhatisgarh,2013,CRUELTY BY HUSBAND OR RELATIVE OF HUSBAND,0,0,0,2,0,2,6,1,7,0,0,0,8,1,9
Chhatisgarh,2013,OTHER IPC CRIMES,0,0,0,64,0,64,38,3,41,5,3,8,107,6,113
Chhatisgarh,2013,TOTAL IPC,0,0,0,2188,85,2273,2733,143,2876,913,50,963,5834,278,6112
Dadra and Nagar Haveli,2013,MURDER,0,0,0,0,0,0,0,0,0,0,0,0,0,0,0
Dadra and Nagar Haveli,2013,ATTEMPT TO COMMIT MURDER,0,0,0,0,0,0,0,0,0,0,0,0,0,0,0
Dadra and Nagar Haveli,2013,C.H. NOT AMOUNTING TO MURDER,0,0,0,0,0,0,0,0,0,0,0,0,0,0,0
Dadra and Nagar Haveli,2013,RAPE,0,0,0,0,0,0,0,0,0,0,0,0,0,0,0
Dadra and Nagar Haveli,2013,KIDNAPPING AND ABDUCTION,0,0,0,0,0,0,0,0,0,0,0,0,0,0,0
Dadra and Nagar Haveli,2013,DACOITY,0,0,0,0,0,0,0,0,0,0,0,0,0,0,0
Dadra and Nagar Haveli,2013,PREP. AND ASSEMBLY FOR DACOITY,0,0,0,0,0,0,0,0,0,0,0,0,0,0,0
Dadra and Nagar Haveli,2013,ROBBERY,0,0,0,0,0,0,0,0,0,0,0,0,0,0,0
Dadra and Nagar Haveli,2013,BURGLARY,0,0,0,0,0,0,0,0,0,0,0,0,0,0,0
Dadra and Nagar Haveli,2013,THEFTS,0,0,0,0,0,0,0,0,0,0,0,0,0,0,0
Dadra and Nagar Haveli,2013,EXTORTION,0,0,0,0,0,0,0,0,0,0,0,0,0,0,0
Dadra and Nagar Haveli,2013,RIOTS,0,0,0,0,0,0,0,0,0,0,0,0,0,0,0
Dadra and Nagar Haveli,2013,ARSON,0,0,0,0,0,0,0,0,0,0,0,0,0,0,0
Dadra and Nagar Haveli,2013,CRIMINAL BREACH OF TRUST,0,0,0,0,0,0,0,0,0,0,0,0,0,0,0
Dadra and Nagar Haveli,2013,CHEATING,0,0,0,0,0,0,0,0,0,0,0,0,0,0,0
Dadra and Nagar Haveli,2013,COUNTER FEITING,0,0,0,0,0,0,0,0,0,0,0,0,0,0,0
Dadra and Nagar Haveli,2013,DOWRY DEATHS,0,0,0,0,0,0,0,0,0,0,0,0,0,0,0
Dadra and Nagar Haveli,2013,MOLESTATION,0,0,0,0,0,0,0,0,0,0,0,0,0,0,0
Dadra and Nagar Haveli,2013,EVE-TEASING,0,0,0,0,0,0,0,0,0,0,0,0,0,0,0
Dadra and Nagar Haveli,2013,CRUELTY BY HUSBAND OR RELATIVE OF HUSBAND,0,0,0,0,0,0,0,0,0,0,0,0,0,0,0
Dadra and Nagar Haveli,2013,OTHER IPC CRIMES,0,0,0,0,0,0,0,0,0,0,0,0,0,0,0
Dadra and Nagar Haveli,2013,TOTAL IPC,0,0,0,0,0,0,0,0,0,0,0,0,0,0,0
Daman and Diu,2013,MURDER,0,0,0,2,0,2,6,1,7,4,0,4,12,1,13
Daman and Diu,2013,ATTEMPT TO COMMIT MURDER,0,0,0,1,0,1,0,0,0,0,0,0,1,0,1
Daman and Diu,2013,C.H. NOT AMOUNTING TO MURDER,0,0,0,0,0,0,0,0,0,0,0,0,0,0,0
Daman and Diu,2013,RAPE,0,0,0,1,0,1,1,0,1,0,0,0,2,0,2
Daman and Diu,2013,KIDNAPPING AND ABDUCTION,0,0,0,0,0,0,0,0,0,0,0,0,0,0,0
Daman and Diu,2013,DACOITY,0,0,0,0,0,0,0,0,0,0,0,0,0,0,0
Daman and Diu,2013,PREP. AND ASSEMBLY FOR DACOITY,0,0,0,0,0,0,0,0,0,0,0,0,0,0,0
Daman and Diu,2013,ROBBERY,0,0,0,0,0,0,0,0,0,0,0,0,0,0,0
Daman and Diu,2013,BURGLARY,0,0,0,2,0,2,0,0,0,0,0,0,2,0,2
Daman and Diu,2013,THEFTS,0,0,0,0,0,0,0,0,0,0,0,0,0,0,0
Daman and Diu,2013,EXTORTION,0,0,0,0,0,0,0,0,0,0,0,0,0,0,0
Daman and Diu,2013,RIOTS,0,0,0,0,0,0,0,0,0,0,0,0,0,0,0
Daman and Diu,2013,ARSON,0,0,0,0,0,0,0,0,0,0,0,0,0,0,0
Daman and Diu,2013,CRIMINAL BREACH OF TRUST,0,0,0,0,0,0,0,0,0,0,0,0,0,0,0
Daman and Diu,2013,CHEATING,0,0,0,0,0,0,0,0,0,0,0,0,0,0,0
Daman and Diu,2013,COUNTER FEITING,0,0,0,0,0,0,0,0,0,0,0,0,0,0,0
Daman and Diu,2013,DOWRY DEATHS,0,0,0,0,0,0,0,0,0,0,0,0,0,0,0
Daman and Diu,2013,MOLESTATION,0,0,0,0,0,0,0,0,0,0,0,0,0,0,0
Daman and Diu,2013,EVE-TEASING,0,0,0,0,0,0,0,0,0,0,0,0,0,0,0
Daman and Diu,2013,CRUELTY BY HUSBAND OR RELATIVE OF HUSBAND,0,0,0,0,0,0,0,0,0,0,0,0,0,0,0
Daman and Diu,2013,OTHER IPC CRIMES,0,0,0,0,0,0,0,0,0,0,0,0,0,0,0
Daman and Diu,2013,TOTAL IPC,0,0,0,6,0,6,7,1,8,4,0,4,17,1,18
Delhi,2013,MURDER,0,0,0,406,10,416,528,33,561,153,19,172,1087,62,1149
Delhi,2013,ATTEMPT TO COMMIT MURDER,0,0,0,112,0,112,120,2,122,38,1,39,270,3,273
Delhi,2013,C.H. NOT AMOUNTING TO MURDER,0,0,0,6,0,6,2,1,3,1,1,2,9,2,11
Delhi,2013,RAPE,0,0,0,218,0,218,213,4,217,35,2,37,466,6,472
Delhi,2013,KIDNAPPING AND ABDUCTION,0,0,0,58,6,64,52,7,59,9,3,12,119,16,135
Delhi,2013,DACOITY,0,0,0,124,0,124,162,0,162,8,0,8,294,0,294
Delhi,2013,PREP. AND ASSEMBLY FOR DACOITY,0,0,0,5,0,5,6,0,6,0,0,0,11,0,11
Delhi,2013,ROBBERY,0,0,0,66,0,66,44,0,44,1,0,1,111,0,111
Delhi,2013,BURGLARY,0,0,0,6,0,6,0,0,0,1,0,1,7,0,7
Delhi,2013,THEFTS,0,0,0,65,0,65,115,1,116,10,0,10,190,1,191
Delhi,2013,EXTORTION,0,0,0,0,0,0,1,0,1,0,0,0,1,0,1
Delhi,2013,RIOTS,0,0,0,1,0,1,1,0,1,0,0,0,2,0,2
Delhi,2013,ARSON,0,0,0,0,0,0,0,0,0,0,0,0,0,0,0
Delhi,2013,CRIMINAL BREACH OF TRUST,0,0,0,1,0,1,1,0,1,0,0,0,2,0,2
Delhi,2013,CHEATING,0,0,0,12,0,12,32,0,32,33,0,33,77,0,77
Delhi,2013,COUNTER FEITING,0,0,0,3,0,3,8,3,11,1,0,1,12,3,15
Delhi,2013,DOWRY DEATHS,0,0,0,26,0,26,43,1,44,8,7,15,77,8,85
Delhi,2013,MOLESTATION,0,0,0,4,0,4,2,0,2,6,0,6,12,0,12
Delhi,2013,EVE-TEASING,0,0,0,3,0,3,0,0,0,0,0,0,3,0,3
Delhi,2013,CRUELTY BY HUSBAND OR RELATIVE OF HUSBAND,0,0,0,0,0,0,0,0,0,0,0,0,0,0,0
Delhi,2013,OTHER IPC CRIMES,0,0,0,30,0,30,18,3,21,31,2,33,79,5,84
Delhi,2013,TOTAL IPC,0,0,0,1146,16,1162,1348,55,1403,335,35,370,2829,106,2935
Goa,2013,MURDER,0,0,0,0,0,0,39,2,41,6,0,6,45,2,47
Goa,2013,ATTEMPT TO COMMIT MURDER,0,0,0,0,0,0,5,0,5,0,0,0,5,0,5
Goa,2013,C.H. NOT AMOUNTING TO MURDER,0,0,0,0,0,0,4,0,4,0,0,0,4,0,4
Goa,2013,RAPE,0,0,0,0,0,0,15,0,15,2,0,2,17,0,17
Goa,2013,KIDNAPPING AND ABDUCTION,0,0,0,0,0,0,6,1,7,0,0,0,6,1,7
Goa,2013,DACOITY,0,0,0,0,0,0,2,0,2,0,0,0,2,0,2
Goa,2013,PREP. AND ASSEMBLY FOR DACOITY,0,0,0,0,0,0,0,0,0,0,0,0,0,0,0
Goa,2013,ROBBERY,0,0,0,0,0,0,6,0,6,0,0,0,6,0,6
Goa,2013,BURGLARY,0,0,0,0,0,0,0,0,0,0,0,0,0,0,0
Goa,2013,THEFTS,0,0,0,0,0,0,4,1,5,0,0,0,4,1,5
Goa,2013,EXTORTION,0,0,0,0,0,0,0,0,0,0,0,0,0,0,0
Goa,2013,RIOTS,0,0,0,0,0,0,0,0,0,0,0,0,0,0,0
Goa,2013,ARSON,0,0,0,0,0,0,0,0,0,0,0,0,0,0,0
Goa,2013,CRIMINAL BREACH OF TRUST,0,0,0,0,0,0,0,0,0,0,0,0,0,0,0
Goa,2013,CHEATING,0,0,0,0,0,0,2,0,2,0,0,0,2,0,2
Goa,2013,COUNTER FEITING,0,0,0,0,0,0,1,0,1,0,0,0,1,0,1
Goa,2013,DOWRY DEATHS,0,0,0,0,0,0,0,0,0,0,0,0,0,0,0
Goa,2013,MOLESTATION,0,0,0,0,0,0,0,0,0,0,0,0,0,0,0
Goa,2013,EVE-TEASING,0,0,0,0,0,0,0,0,0,0,0,0,0,0,0
Goa,2013,CRUELTY BY HUSBAND OR RELATIVE OF HUSBAND,0,0,0,0,0,0,0,0,0,0,0,0,0,0,0
Goa,2013,OTHER IPC CRIMES,0,0,0,0,0,0,8,3,11,0,0,0,8,3,11
Goa,2013,TOTAL IPC,0,0,0,0,0,0,92,7,99,8,0,8,100,7,107
Gujarat,2013,MURDER,0,0,0,445,18,463,1009,75,1084,285,24,309,1739,117,1856
Gujarat,2013,ATTEMPT TO COMMIT MURDER,0,0,0,38,0,38,52,2,54,19,0,19,109,2,111
Gujarat,2013,C.H. NOT AMOUNTING TO MURDER,0,0,0,115,4,119,117,5,122,63,5,68,295,14,309
Gujarat,2013,RAPE,0,0,0,180,1,181,124,1,125,9,1,10,313,3,316
Gujarat,2013,KIDNAPPING AND ABDUCTION,0,0,0,43,2,45,20,3,23,9,2,11,72,7,79
Gujarat,2013,DACOITY,0,0,0,35,1,36,32,0,32,9,0,9,76,1,77
Gujarat,2013,PREP. AND ASSEMBLY FOR DACOITY,0,0,0,15,0,15,8,0,8,2,0,2,25,0,25
Gujarat,2013,ROBBERY,0,0,0,25,1,26,20,0,20,9,0,9,54,1,55
Gujarat,2013,BURGLARY,0,0,0,14,0,14,8,0,8,2,0,2,24,0,24
Gujarat,2013,THEFTS,0,0,0,29,0,29,18,0,18,7,0,7,54,0,54
Gujarat,2013,EXTORTION,0,0,0,0,0,0,0,0,0,0,0,0,0,0,0
Gujarat,2013,RIOTS,0,0,0,0,0,0,0,0,0,0,0,0,0,0,0
Gujarat,2013,ARSON,0,0,0,3,1,4,4,1,5,1,1,2,8,3,11
Gujarat,2013,CRIMINAL BREACH OF TRUST,0,0,0,9,0,9,7,0,7,6,0,6,22,0,22
Gujarat,2013,CHEATING,0,0,0,2,0,2,1,0,1,0,0,0,3,0,3
Gujarat,2013,COUNTER FEITING,0,0,0,12,1,13,12,0,12,7,0,7,31,1,32
Gujarat,2013,DOWRY DEATHS,0,0,0,18,1,19,11,1,12,4,1,5,33,3,36
Gujarat,2013,MOLESTATION,0,0,0,1,0,1,3,0,3,0,0,0,4,0,4
Gujarat,2013,EVE-TEASING,0,0,0,0,0,0,0,0,0,0,0,0,0,0,0
Gujarat,2013,CRUELTY BY HUSBAND OR RELATIVE OF HUSBAND,0,0,0,31,2,33,19,1,20,10,1,11,60,4,64
Gujarat,2013,OTHER IPC CRIMES,0,0,0,87,1,88,75,0,75,41,2,43,203,3,206
Gujarat,2013,TOTAL IPC,0,0,0,1102,33,1135,1540,89,1629,483,37,520,3125,159,3284
Haryana,2013,MURDER,0,0,0,1198,56,1254,1353,87,1440,427,48,475,2978,191,3169
Haryana,2013,ATTEMPT TO COMMIT MURDER,0,0,0,216,4,220,151,1,152,48,3,51,415,8,423
Haryana,2013,C.H. NOT AMOUNTING TO MURDER,0,0,0,47,1,48,45,1,46,19,1,20,111,3,114
Haryana,2013,RAPE,0,0,0,467,1,468,255,4,259,77,1,78,799,6,805
Haryana,2013,KIDNAPPING AND ABDUCTION,0,0,0,103,6,109,70,8,78,7,2,9,180,16,196
Haryana,2013,DACOITY,0,0,0,255,0,255,174,1,175,10,0,10,439,1,440
Haryana,2013,PREP. AND ASSEMBLY FOR DACOITY,0,0,0,26,0,26,19,0,19,0,0,0,45,0,45
Haryana,2013,ROBBERY,0,0,0,98,0,98,56,0,56,2,0,2,156,0,156
Haryana,2013,BURGLARY,0,0,0,27,0,27,36,0,36,10,0,10,73,0,73
Haryana,2013,THEFTS,0,0,0,48,0,48,17,1,18,1,0,1,66,1,67
Haryana,2013,EXTORTION,0,0,0,3,0,3,4,0,4,0,0,0,7,0,7
Haryana,2013,RIOTS,0,0,0,1,0,1,1,0,1,0,0,0,2,0,2
Haryana,2013,ARSON,0,0,0,0,0,0,5,0,5,0,0,0,5,0,5
Haryana,2013,CRIMINAL BREACH OF TRUST,0,0,0,0,0,0,6,1,7,3,1,4,9,2,11
Haryana,2013,CHEATING,0,0,0,2,0,2,25,0,25,5,0,5,32,0,32
Haryana,2013,COUNTER FEITING,0,0,0,0,0,0,12,1,13,1,0,1,13,1,14
Haryana,2013,DOWRY DEATHS,0,0,0,128,8,136,160,50,210,77,33,110,365,91,456
Haryana,2013,MOLESTATION,0,0,0,19,0,19,8,0,8,1,0,1,28,0,28
Haryana,2013,EVE-TEASING,0,0,0,0,0,0,0,0,0,0,0,0,0,0,0
Haryana,2013,CRUELTY BY HUSBAND OR RELATIVE OF HUSBAND,0,0,0,16,0,16,18,1,19,3,0,3,37,1,38
Haryana,2013,OTHER IPC CRIMES,0,0,0,69,3,72,129,3,132,28,0,28,226,6,232
Haryana,2013,TOTAL IPC,0,0,0,2723,79,2802,2544,159,2703,719,89,808,5986,327,6313
Himachal Pradesh,2013,MURDER,0,0,0,77,1,78,189,17,206,95,6,101,361,24,385
Himachal Pradesh,2013,ATTEMPT TO COMMIT MURDER,0,0,0,9,0,9,13,0,13,4,1,5,26,1,27
Himachal Pradesh,2013,C.H. NOT AMOUNTING TO MURDER,0,0,0,14,0,14,15,0,15,7,0,7,36,0,36
Himachal Pradesh,2013,RAPE,0,0,0,65,0,65,68,0,68,13,0,13,146,0,146
Himachal Pradesh,2013,KIDNAPPING AND ABDUCTION,0,0,0,2,0,2,0,0,0,0,0,0,2,0,2
Himachal Pradesh,2013,DACOITY,0,0,0,14,0,14,7,0,7,0,0,0,21,0,21
Himachal Pradesh,2013,PREP. AND ASSEMBLY FOR DACOITY,0,0,0,0,0,0,0,0,0,0,0,0,0,0,0
Himachal Pradesh,2013,ROBBERY,0,0,0,2,0,2,0,0,0,0,0,0,2,0,2
Himachal Pradesh,2013,BURGLARY,0,0,0,2,0,2,6,0,6,1,0,1,9,0,9
Himachal Pradesh,2013,THEFTS,0,0,0,16,1,17,6,0,6,0,0,0,22,1,23
Himachal Pradesh,2013,EXTORTION,0,0,0,0,0,0,0,0,0,0,0,0,0,0,0
Himachal Pradesh,2013,RIOTS,0,0,0,0,0,0,0,0,0,0,0,0,0,0,0
Himachal Pradesh,2013,ARSON,0,0,0,0,0,0,0,0,0,0,0,0,0,0,0
Himachal Pradesh,2013,CRIMINAL BREACH OF TRUST,0,0,0,0,0,0,2,0,2,0,0,0,2,0,2
Himachal Pradesh,2013,CHEATING,0,0,0,0,0,0,0,0,0,0,0,0,0,0,0
Himachal Pradesh,2013,COUNTER FEITING,0,0,0,0,0,0,0,0,0,0,0,0,0,0,0
Himachal Pradesh,2013,DOWRY DEATHS,0,0,0,1,0,1,2,0,2,0,0,0,3,0,3
Himachal Pradesh,2013,MOLESTATION,0,0,0,1,0,1,1,0,1,0,0,0,2,0,2
Himachal Pradesh,2013,EVE-TEASING,0,0,0,0,0,0,0,0,0,0,0,0,0,0,0
Himachal Pradesh,2013,CRUELTY BY HUSBAND OR RELATIVE OF HUSBAND,0,0,0,1,0,1,9,1,10,3,1,4,13,2,15
Himachal Pradesh,2013,OTHER IPC CRIMES,0,0,0,13,3,16,38,1,39,12,0,12,63,4,67
Himachal Pradesh,2013,TOTAL IPC,0,0,0,217,5,222,356,19,375,135,8,143,708,32,740
Jammu and Kashmir,2013,MURDER,0,0,0,22,0,22,114,3,117,35,7,42,171,10,181
Jammu and Kashmir,2013,ATTEMPT TO COMMIT MURDER,0,0,0,1,0,1,0,0,0,1,0,1,2,0,2
Jammu and Kashmir,2013,C.H. NOT AMOUNTING TO MURDER,0,0,0,3,0,3,8,0,8,0,0,0,11,0,11
Jammu and Kashmir,2013,RAPE,0,0,0,15,0,15,40,0,40,4,0,4,59,0,59
Jammu and Kashmir,2013,KIDNAPPING AND ABDUCTION,0,0,0,0,0,0,2,0,2,0,0,0,2,0,2
Jammu and Kashmir,2013,DACOITY,0,0,0,0,0,0,0,0,0,0,0,0,0,0,0
Jammu and Kashmir,2013,PREP. AND ASSEMBLY FOR DACOITY,0,0,0,0,0,0,0,0,0,0,0,0,0,0,0
Jammu and Kashmir,2013,ROBBERY,0,0,0,1,0,1,0,0,0,0,0,0,1,0,1
Jammu and Kashmir,2013,BURGLARY,0,0,0,4,0,4,4,0,4,0,0,0,8,0,8
Jammu and Kashmir,2013,THEFTS,0,0,0,2,0,2,2,0,2,0,0,0,4,0,4
Jammu and Kashmir,2013,EXTORTION,0,0,0,0,0,0,0,0,0,0,0,0,0,0,0
Jammu and Kashmir,2013,RIOTS,0,0,0,0,0,0,0,0,0,0,0,0,0,0,0
Jammu and Kashmir,2013,ARSON,0,0,0,0,0,0,0,0,0,0,0,0,0,0,0
Jammu and Kashmir,2013,CRIMINAL BREACH OF TRUST,0,0,0,0,0,0,0,0,0,0,0,0,0,0,0
Jammu and Kashmir,2013,CHEATING,0,0,0,0,0,0,1,0,1,0,0,0,1,0,1
Jammu and Kashmir,2013,COUNTER FEITING,0,0,0,0,0,0,0,0,0,0,0,0,0,0,0
Jammu and Kashmir,2013,DOWRY DEATHS,0,0,0,0,0,0,0,0,0,0,0,0,0,0,0
Jammu and Kashmir,2013,MOLESTATION,0,0,0,0,0,0,1,0,1,0,0,0,1,0,1
Jammu and Kashmir,2013,EVE-TEASING,0,0,0,0,0,0,0,0,0,0,0,0,0,0,0
Jammu and Kashmir,2013,CRUELTY BY HUSBAND OR RELATIVE OF HUSBAND,0,0,0,1,0,1,2,0,2,1,0,1,4,0,4
Jammu and Kashmir,2013,OTHER IPC CRIMES,0,0,0,1,0,1,3,0,3,0,0,0,4,0,4
Jammu and Kashmir,2013,TOTAL IPC,0,0,0,50,0,50,177,3,180,41,7,48,268,10,278
Jharkhand,2013,MURDER,0,0,0,608,12,620,1398,46,1444,321,18,339,2327,76,2403
Jharkhand,2013,ATTEMPT TO COMMIT MURDER,0,0,0,36,0,36,67,2,69,62,0,62,165,2,167
Jharkhand,2013,C.H. NOT AMOUNTING TO MURDER,0,0,0,7,0,7,19,1,20,5,0,5,31,1,32
Jharkhand,2013,RAPE,0,0,0,82,0,82,101,1,102,14,0,14,197,1,198
Jharkhand,2013,KIDNAPPING AND ABDUCTION,0,0,0,27,1,28,58,0,58,24,0,24,109,1,110
Jharkhand,2013,DACOITY,0,0,0,55,0,55,78,0,78,14,0,14,147,0,147
Jharkhand,2013,PREP. AND ASSEMBLY FOR DACOITY,0,0,0,7,0,7,8,0,8,0,0,0,15,0,15
Jharkhand,2013,ROBBERY,0,0,0,19,0,19,46,0,46,19,0,19,84,0,84
Jharkhand,2013,BURGLARY,0,0,0,5,0,5,3,0,3,1,0,1,9,0,9
Jharkhand,2013,THEFTS,0,0,0,47,0,47,83,1,84,14,0,14,144,1,145
Jharkhand,2013,EXTORTION,0,0,0,11,0,11,25,0,25,0,0,0,36,0,36
Jharkhand,2013,RIOTS,0,0,0,0,0,0,1,0,1,0,0,0,1,0,1
Jharkhand,2013,ARSON,0,0,0,0,0,0,0,0,0,0,0,0,0,0,0
Jharkhand,2013,CRIMINAL BREACH OF TRUST,0,0,0,1,0,1,10,0,10,0,0,0,11,0,11
Jharkhand,2013,CHEATING,0,0,0,6,0,6,33,0,33,0,0,0,39,0,39
Jharkhand,2013,COUNTER FEITING,0,0,0,0,0,0,0,1,1,0,0,0,0,1,1
Jharkhand,2013,DOWRY DEATHS,0,0,0,65,13,78,135,38,173,90,11,101,290,62,352
Jharkhand,2013,MOLESTATION,0,0,0,0,0,0,2,0,2,0,0,0,2,0,2
Jharkhand,2013,EVE-TEASING,0,0,0,1,0,1,0,0,0,0,0,0,1,0,1
Jharkhand,2013,CRUELTY BY HUSBAND OR RELATIVE OF HUSBAND,0,0,0,15,2,17,41,2,43,17,2,19,73,6,79
Jharkhand,2013,OTHER IPC CRIMES,0,0,0,1,0,1,3,0,3,0,0,0,4,0,4
Jharkhand,2013,TOTAL IPC,0,0,0,993,28,1021,2111,92,2203,581,31,612,3685,151,3836
Karnataka,2013,MURDER,0,0,0,1249,84,1333,1476,68,1544,109,5,114,2834,157,2991
Karnataka,2013,ATTEMPT TO COMMIT MURDER,0,0,0,119,2,121,103,0,103,3,0,3,225,2,227
Karnataka,2013,C.H. NOT AMOUNTING TO MURDER,0,0,0,9,0,9,47,0,47,1,0,1,57,0,57
Karnataka,2013,RAPE,0,0,0,79,0,79,48,0,48,0,0,0,127,0,127
Karnataka,2013,KIDNAPPING AND ABDUCTION,0,0,0,43,0,43,21,0,21,0,0,0,64,0,64
Karnataka,2013,DACOITY,0,0,0,37,0,37,67,0,67,0,0,0,104,0,104
Karnataka,2013,PREP. AND ASSEMBLY FOR DACOITY,0,0,0,6,0,6,11,0,11,0,0,0,17,0,17
Karnataka,2013,ROBBERY,0,0,0,66,0,66,29,0,29,1,0,1,96,0,96
Karnataka,2013,BURGLARY,0,0,0,37,0,37,43,0,43,1,0,1,81,0,81
Karnataka,2013,THEFTS,0,0,0,109,3,112,47,19,66,4,0,4,160,22,182
Karnataka,2013,EXTORTION,0,0,0,3,0,3,5,0,5,0,0,0,8,0,8
Karnataka,2013,RIOTS,0,0,0,13,0,13,9,0,9,2,0,2,24,0,24
Karnataka,2013,ARSON,0,0,0,2,0,2,2,0,2,0,0,0,4,0,4
Karnataka,2013,CRIMINAL BREACH OF TRUST,0,0,0,4,0,4,6,0,6,0,0,0,10,0,10
Karnataka,2013,CHEATING,0,0,0,31,1,32,49,4,53,3,0,3,83,5,88
Karnataka,2013,COUNTER FEITING,0,0,0,0,0,0,0,0,0,0,0,0,0,0,0
Karnataka,2013,DOWRY DEATHS,0,0,0,31,1,32,76,3,79,6,2,8,113,6,119
Karnataka,2013,MOLESTATION,0,0,0,1,0,1,7,0,7,1,0,1,9,0,9
Karnataka,2013,EVE-TEASING,0,0,0,3,0,3,2,0,2,0,0,0,5,0,5
Karnataka,2013,CRUELTY BY HUSBAND OR RELATIVE OF HUSBAND,0,0,0,7,0,7,16,2,18,1,1,2,24,3,27
Karnataka,2013,OTHER IPC CRIMES,0,0,0,0,1,1,1,1,2,1,0,1,2,2,4
Karnataka,2013,TOTAL IPC,0,0,0,1849,92,1941,2065,97,2162,133,8,141,4047,197,4244
Kerala,2013,MURDER,0,0,0,225,4,229,504,24,528,527,5,532,1256,33,1289
Kerala,2013,ATTEMPT TO COMMIT MURDER,0,0,0,60,0,60,82,0,82,36,0,36,178,0,178
Kerala,2013,C.H. NOT AMOUNTING TO MURDER,0,0,0,12,3,15,45,0,45,0,0,0,57,3,60
Kerala,2013,RAPE,0,0,0,6,0,6,4,0,4,2,0,2,12,0,12
Kerala,2013,KIDNAPPING AND ABDUCTION,0,0,0,0,0,0,6,0,6,0,0,0,6,0,6
Kerala,2013,DACOITY,0,0,0,12,0,12,20,0,20,2,0,2,34,0,34
Kerala,2013,PREP. AND ASSEMBLY FOR DACOITY,0,0,0,12,0,12,24,0,24,2,0,2,38,0,38
Kerala,2013,ROBBERY,0,0,0,47,4,51,52,0,52,17,0,17,116,4,120
Kerala,2013,BURGLARY,0,0,0,35,0,35,40,0,40,5,0,5,80,0,80
Kerala,2013,THEFTS,0,0,0,72,1,73,82,0,82,43,0,43,197,1,198
Kerala,2013,EXTORTION,0,0,0,0,0,0,0,0,0,0,0,0,0,0,0
Kerala,2013,RIOTS,0,0,0,22,0,22,12,0,12,4,0,4,38,0,38
Kerala,2013,ARSON,0,0,0,0,0,0,4,0,4,0,0,0,4,0,4
Kerala,2013,CRIMINAL BREACH OF TRUST,0,0,0,10,0,10,23,0,23,15,0,15,48,0,48
Kerala,2013,CHEATING,0,0,0,8,0,8,18,0,18,4,0,4,30,0,30
Kerala,2013,COUNTER FEITING,0,0,0,0,0,0,4,0,4,2,0,2,6,0,6
Kerala,2013,DOWRY DEATHS,0,0,0,3,0,3,15,0,15,0,0,0,18,0,18
Kerala,2013,MOLESTATION,0,0,0,12,0,12,6,0,6,0,0,0,18,0,18
Kerala,2013,EVE-TEASING,0,0,0,7,0,7,1,0,1,0,0,0,8,0,8
Kerala,2013,CRUELTY BY HUSBAND OR RELATIVE OF HUSBAND,0,0,0,4,0,4,16,0,16,2,0,2,22,0,22
Kerala,2013,OTHER IPC CRIMES,0,0,0,28,0,28,38,0,38,16,0,16,82,0,82
Kerala,2013,TOTAL IPC,0,0,0,575,12,587,996,24,1020,677,5,682,2248,41,2289
Lakshadweep,2013,MURDER,0,0,0,0,0,0,0,0,0,0,0,0,0,0,0
Lakshadweep,2013,ATTEMPT TO COMMIT MURDER,0,0,0,0,0,0,0,0,0,0,0,0,0,0,0
Lakshadweep,2013,C.H. NOT AMOUNTING TO MURDER,0,0,0,0,0,0,0,0,0,0,0,0,0,0,0
Lakshadweep,2013,RAPE,0,0,0,0,0,0,0,0,0,0,0,0,0,0,0
Lakshadweep,2013,KIDNAPPING AND ABDUCTION,0,0,0,0,0,0,0,0,0,0,0,0,0,0,0
Lakshadweep,2013,DACOITY,0,0,0,0,0,0,0,0,0,0,0,0,0,0,0
Lakshadweep,2013,PREP. AND ASSEMBLY FOR DACOITY,0,0,0,0,0,0,0,0,0,0,0,0,0,0,0
Lakshadweep,2013,ROBBERY,0,0,0,0,0,0,0,0,0,0,0,0,0,0,0
Lakshadweep,2013,BURGLARY,0,0,0,0,0,0,0,0,0,0,0,0,0,0,0
Lakshadweep,2013,THEFTS,0,0,0,0,0,0,0,0,0,0,0,0,0,0,0
Lakshadweep,2013,EXTORTION,0,0,0,0,0,0,0,0,0,0,0,0,0,0,0
Lakshadweep,2013,RIOTS,0,0,0,0,0,0,0,0,0,0,0,0,0,0,0
Lakshadweep,2013,ARSON,0,0,0,0,0,0,0,0,0,0,0,0,0,0,0
Lakshadweep,2013,CRIMINAL BREACH OF TRUST,0,0,0,0,0,0,0,0,0,0,0,0,0,0,0
Lakshadweep,2013,CHEATING,0,0,0,0,0,0,0,0,0,0,0,0,0,0,0
Lakshadweep,2013,COUNTER FEITING,0,0,0,0,0,0,0,0,0,0,0,0,0,0,0
Lakshadweep,2013,DOWRY DEATHS,0,0,0,0,0,0,0,0,0,0,0,0,0,0,0
Lakshadweep,2013,MOLESTATION,0,0,0,0,0,0,0,0,0,0,0,0,0,0,0
Lakshadweep,2013,EVE-TEASING,0,0,0,0,0,0,0,0,0,0,0,0,0,0,0
Lakshadweep,2013,CRUELTY BY HUSBAND OR RELATIVE OF HUSBAND,0,0,0,0,0,0,0,0,0,0,0,0,0,0,0
Lakshadweep,2013,OTHER IPC CRIMES,0,0,0,0,0,0,0,0,0,0,0,0,0,0,0
Lakshadweep,2013,TOTAL IPC,0,0,0,0,0,0,0,0,0,0,0,0,0,0,0
Madhya Pradesh,2013,MURDER,0,0,0,3691,59,3750,5076,194,5270,1253,42,1295,10020,295,10315
Madhya Pradesh,2013,ATTEMPT TO COMMIT MURDER,0,0,0,249,5,254,309,18,327,74,0,74,632,23,655
Madhya Pradesh,2013,C.H. NOT AMOUNTING TO MURDER,0,0,0,150,9,159,250,19,269,55,3,58,455,31,486
Madhya Pradesh,2013,RAPE,0,0,0,642,4,646,439,8,447,64,0,64,1145,12,1157
Madhya Pradesh,2013,KIDNAPPING AND ABDUCTION,0,0,0,144,7,151,146,9,155,41,1,42,331,17,348
Madhya Pradesh,2013,DACOITY,0,0,0,117,0,117,106,3,109,20,0,20,243,3,246
Madhya Pradesh,2013,PREP. AND ASSEMBLY FOR DACOITY,0,0,0,24,0,24,25,0,25,5,0,5,54,0,54
Madhya Pradesh,2013,ROBBERY,0,0,0,150,0,150,99,0,99,13,0,13,262,0,262
Madhya Pradesh,2013,BURGLARY,0,0,0,40,0,40,39,2,41,5,0,5,84,2,86
Madhya Pradesh,2013,THEFTS,0,0,0,110,0,110,115,2,117,7,0,7,232,2,234
Madhya Pradesh,2013,EXTORTION,0,0,0,15,0,15,17,0,17,0,0,0,32,0,32
Madhya Pradesh,2013,RIOTS,0,0,0,9,0,9,15,0,15,3,0,3,27,0,27
Madhya Pradesh,2013,ARSON,0,0,0,25,0,25,16,0,16,8,0,8,49,0,49
Madhya Pradesh,2013,CRIMINAL BREACH OF TRUST,0,0,0,11,0,11,29,0,29,9,0,9,49,0,49
Madhya Pradesh,2013,CHEATING,0,0,0,23,2,25,38,1,39,19,0,19,80,3,83
Madhya Pradesh,2013,COUNTER FEITING,0,0,0,10,0,10,16,0,16,3,0,3,29,0,29
Madhya Pradesh,2013,DOWRY DEATHS,0,0,0,112,23,135,128,26,154,64,15,79,304,64,368
Madhya Pradesh,2013,MOLESTATION,0,0,0,39,0,39,32,0,32,9,0,9,80,0,80
Madhya Pradesh,2013,EVE-TEASING,0,0,0,2,0,2,24,0,24,2,0,2,28,0,28
Madhya Pradesh,2013,CRUELTY BY HUSBAND OR RELATIVE OF HUSBAND,0,0,0,26,1,27,20,2,22,10,0,10,56,3,59
Madhya Pradesh,2013,OTHER IPC CRIMES,0,0,0,429,3,432,318,16,334,80,1,81,827,20,847
Madhya Pradesh,2013,TOTAL IPC,0,0,0,6018,113,6131,7257,300,7557,1744,62,1806,15019,475,15494
Maharashtra,2013,MURDER,3,0,3,941,16,957,2755,95,2850,1174,40,1214,4873,151,5024
Maharashtra,2013,ATTEMPT TO COMMIT MURDER,0,0,0,127,3,130,45,13,58,34,5,39,206,21,227
Maharashtra,2013,C.H. NOT AMOUNTING TO MURDER,0,0,0,55,3,58,53,4,57,16,4,20,124,11,135
Maharashtra,2013,RAPE,3,0,3,58,0,58,118,0,118,26,0,26,205,0,205
Maharashtra,2013,KIDNAPPING AND ABDUCTION,0,0,0,73,3,76,55,2,57,22,1,23,150,6,156
Maharashtra,2013,DACOITY,0,0,0,52,0,52,59,0,59,7,0,7,118,0,118
Maharashtra,2013,PREP. AND ASSEMBLY FOR DACOITY,0,0,0,90,8,98,62,7,69,7,0,7,159,15,174
Maharashtra,2013,ROBBERY,4,0,4,79,18,97,70,16,86,5,0,5,158,34,192
Maharashtra,2013,BURGLARY,0,0,0,41,0,41,54,1,55,11,0,11,106,1,107
Maharashtra,2013,THEFTS,12,0,12,69,25,94,54,14,68,13,0,13,148,39,187
Maharashtra,2013,EXTORTION,0,0,0,3,0,3,3,0,3,0,0,0,6,0,6
Maharashtra,2013,RIOTS,0,0,0,7,0,7,4,0,4,0,0,0,11,0,11
Maharashtra,2013,ARSON,0,0,0,24,30,54,27,15,42,0,0,0,51,45,96
Maharashtra,2013,CRIMINAL BREACH OF TRUST,0,0,0,1,0,1,7,0,7,0,0,0,8,0,8
Maharashtra,2013,CHEATING,0,0,0,61,10,71,34,10,44,1,0,1,96,20,116
Maharashtra,2013,COUNTER FEITING,0,0,0,1,0,1,16,1,17,2,1,3,19,2,21
Maharashtra,2013,DOWRY DEATHS,0,0,0,8,1,9,34,3,37,12,0,12,54,4,58
Maharashtra,2013,MOLESTATION,0,0,0,7,0,7,14,0,14,1,3,4,22,3,25
Maharashtra,2013,EVE-TEASING,0,0,0,1,0,1,3,0,3,0,0,0,4,0,4
Maharashtra,2013,CRUELTY BY HUSBAND OR RELATIVE OF HUSBAND,0,0,0,5,0,5,33,11,44,17,4,21,55,15,70
Maharashtra,2013,OTHER IPC CRIMES,5,0,5,157,2,159,170,1,171,40,0,40,372,3,375
Maharashtra,2013,TOTAL IPC,27,0,27,1860,119,1979,3670,193,3863,1388,58,1446,6945,370,7315
Manipur,2013,MURDER,0,0,0,7,0,7,6,1,7,9,0,9,22,1,23
Manipur,2013,ATTEMPT TO COMMIT MURDER,0,0,0,0,0,0,1,0,1,0,0,0,1,0,1
Manipur,2013,C.H. NOT AMOUNTING TO MURDER,0,0,0,1,0,1,0,1,1,0,0,0,1,1,2
Manipur,2013,RAPE,0,0,0,3,0,3,3,0,3,0,0,0,6,0,6
Manipur,2013,KIDNAPPING AND ABDUCTION,0,0,0,0,0,0,0,0,0,0,0,0,0,0,0
Manipur,2013,DACOITY,0,0,0,0,0,0,0,0,0,0,0,0,0,0,0
Manipur,2013,PREP. AND ASSEMBLY FOR DACOITY,0,0,0,0,0,0,0,0,0,0,0,0,0,0,0
Manipur,2013,ROBBERY,0,0,0,0,0,0,0,0,0,0,0,0,0,0,0
Manipur,2013,BURGLARY,0,0,0,0,0,0,0,0,0,0,0,0,0,0,0
Manipur,2013,THEFTS,0,0,0,0,0,0,0,0,0,0,0,0,0,0,0
Manipur,2013,EXTORTION,0,0,0,0,0,0,0,0,0,0,0,0,0,0,0
Manipur,2013,RIOTS,0,0,0,0,0,0,0,0,0,0,0,0,0,0,0
Manipur,2013,ARSON,0,0,0,0,0,0,0,0,0,0,0,0,0,0,0
Manipur,2013,CRIMINAL BREACH OF TRUST,0,0,0,0,0,0,0,0,0,0,0,0,0,0,0
Manipur,2013,CHEATING,0,0,0,0,0,0,0,0,0,0,0,0,0,0,0
Manipur,2013,COUNTER FEITING,0,0,0,0,0,0,0,0,0,0,0,0,0,0,0
Manipur,2013,DOWRY DEATHS,0,0,0,0,0,0,0,0,0,0,0,0,0,0,0
Manipur,2013,MOLESTATION,0,0,0,0,0,0,0,0,0,0,0,0,0,0,0
Manipur,2013,EVE-TEASING,0,0,0,0,0,0,0,0,0,0,0,0,0,0,0
Manipur,2013,CRUELTY BY HUSBAND OR RELATIVE OF HUSBAND,0,0,0,0,0,0,0,0,0,0,0,0,0,0,0
Manipur,2013,OTHER IPC CRIMES,0,0,0,1,0,1,1,0,1,0,0,0,2,0,2
Manipur,2013,TOTAL IPC,0,0,0,12,0,12,11,2,13,9,0,9,32,2,34
Meghalaya,2013,MURDER,0,0,0,1,0,1,8,0,8,3,0,3,12,0,12
Meghalaya,2013,ATTEMPT TO COMMIT MURDER,0,0,0,1,0,1,0,0,0,0,0,0,1,0,1
Meghalaya,2013,C.H. NOT AMOUNTING TO MURDER,0,0,0,0,0,0,2,0,2,0,0,0,2,0,2
Meghalaya,2013,RAPE,0,0,0,21,0,21,6,0,6,1,0,1,28,0,28
Meghalaya,2013,KIDNAPPING AND ABDUCTION,0,0,0,1,0,1,2,0,2,0,0,0,3,0,3
Meghalaya,2013,DACOITY,0,0,0,2,0,2,0,0,0,0,0,0,2,0,2
Meghalaya,2013,PREP. AND ASSEMBLY FOR DACOITY,0,0,0,0,0,0,0,0,0,0,0,0,0,0,0
Meghalaya,2013,ROBBERY,0,0,0,3,0,3,0,0,0,0,0,0,3,0,3
Meghalaya,2013,BURGLARY,0,0,0,1,0,1,1,0,1,0,0,0,2,0,2
Meghalaya,2013,THEFTS,0,0,0,1,0,1,1,0,1,0,0,0,2,0,2
Meghalaya,2013,EXTORTION,0,0,0,0,0,0,0,0,0,0,0,0,0,0,0
Meghalaya,2013,RIOTS,0,0,0,0,0,0,0,0,0,0,0,0,0,0,0
Meghalaya,2013,ARSON,0,0,0,0,0,0,0,0,0,0,0,0,0,0,0
Meghalaya,2013,CRIMINAL BREACH OF TRUST,0,0,0,0,0,0,0,0,0,0,0,0,0,0,0
Meghalaya,2013,CHEATING,0,0,0,0,0,0,0,0,0,0,0,0,0,0,0
Meghalaya,2013,COUNTER FEITING,0,0,0,0,0,0,1,0,1,0,0,0,1,0,1
Meghalaya,2013,DOWRY DEATHS,0,0,0,0,0,0,0,0,0,0,0,0,0,0,0
Meghalaya,2013,MOLESTATION,0,0,0,0,0,0,0,0,0,0,0,0,0,0,0
Meghalaya,2013,EVE-TEASING,0,0,0,0,0,0,0,0,0,0,0,0,0,0,0
Meghalaya,2013,CRUELTY BY HUSBAND OR RELATIVE OF HUSBAND,0,0,0,0,0,0,0,0,0,0,0,0,0,0,0
Meghalaya,2013,OTHER IPC CRIMES,0,0,0,0,0,0,2,0,2,0,0,0,2,0,2
Meghalaya,2013,TOTAL IPC,0,0,0,31,0,31,23,0,23,4,0,4,58,0,58
Mizoram,2013,MURDER,0,0,0,24,0,24,29,0,29,9,0,9,62,0,62
Mizoram,2013,ATTEMPT TO COMMIT MURDER,0,0,0,3,0,3,1,0,1,0,0,0,4,0,4
Mizoram,2013,C.H. NOT AMOUNTING TO MURDER,0,0,0,3,0,3,3,0,3,0,0,0,6,0,6
Mizoram,2013,RAPE,0,0,0,30,0,30,52,0,52,13,0,13,95,0,95
Mizoram,2013,KIDNAPPING AND ABDUCTION,0,0,0,2,0,2,0,0,0,0,0,0,2,0,2
Mizoram,2013,DACOITY,0,0,0,0,0,0,0,0,0,0,0,0,0,0,0
Mizoram,2013,PREP. AND ASSEMBLY FOR DACOITY,0,0,0,0,0,0,0,0,0,0,0,0,0,0,0
Mizoram,2013,ROBBERY,0,0,0,0,0,0,0,0,0,0,0,0,0,0,0
Mizoram,2013,BURGLARY,NA,0,0,15,0,15,9,0,9,0,0,0,24,0,24
Mizoram,2013,THEFTS,0,0,0,55,0,55,50,0,50,2,0,2,107,0,107
Mizoram,2013,EXTORTION,0,0,0,0,0,0,0,0,0,0,0,0,0,0,0
Mizoram,2013,RIOTS,0,0,0,0,0,0,0,0,0,0,0,0,0,0,0
Mizoram,2013,ARSON,0,0,0,0,0,0,0,0,0,0,0,0,0,0,0
Mizoram,2013,CRIMINAL BREACH OF TRUST,0,0,0,1,0,1,0,0,0,0,0,0,1,0,1
Mizoram,2013,CHEATING,0,0,0,1,0,1,2,0,2,0,0,0,3,0,3
Mizoram,2013,COUNTER FEITING,0,0,0,0,0,0,1,0,1,0,0,0,1,0,1
Mizoram,2013,DOWRY DEATHS,0,0,0,0,0,0,0,0,0,0,0,0,0,0,0
Mizoram,2013,MOLESTATION,0,0,0,2,0,2,3,0,3,0,0,0,5,0,5
Mizoram,2013,EVE-TEASING,0,0,0,0,0,0,1,0,1,0,0,0,1,0,1
Mizoram,2013,CRUELTY BY HUSBAND OR RELATIVE OF HUSBAND,0,0,0,0,0,0,0,0,0,0,0,0,0,0,0
Mizoram,2013,OTHER IPC CRIMES,0,0,0,8,0,8,19,0,19,1,0,1,28,0,28
Mizoram,2013,TOTAL IPC,0,0,0,144,0,144,170,0,170,25,0,25,339,0,339
Nagaland,2013,MURDER,0,0,0,11,0,11,27,2,29,5,0,5,43,2,45
Nagaland,2013,ATTEMPT TO COMMIT MURDER,0,0,0,1,0,1,0,0,0,0,0,0,1,0,1
Nagaland,2013,C.H. NOT AMOUNTING TO MURDER,0,0,0,0,0,0,0,0,0,0,0,0,0,0,0
Nagaland,2013,RAPE,0,0,0,8,0,8,6,0,6,0,0,0,14,0,14
Nagaland,2013,KIDNAPPING AND ABDUCTION,0,0,0,5,0,5,2,0,2,0,0,0,7,0,7
Nagaland,2013,DACOITY,0,0,0,0,0,0,0,0,0,0,0,0,0,0,0
Nagaland,2013,PREP. AND ASSEMBLY FOR DACOITY,0,0,0,0,0,0,0,0,0,0,0,0,0,0,0
Nagaland,2013,ROBBERY,0,0,0,6,0,6,2,0,2,0,0,0,8,0,8
Nagaland,2013,BURGLARY,0,0,0,4,0,4,0,0,0,0,0,0,4,0,4
Nagaland,2013,THEFTS,0,0,0,9,0,9,0,0,0,0,0,0,9,0,9
Nagaland,2013,EXTORTION,0,0,0,1,0,1,0,0,0,0,0,0,1,0,1
Nagaland,2013,RIOTS,0,0,0,0,0,0,0,0,0,0,0,0,0,0,0
Nagaland,2013,ARSON,0,0,0,0,0,0,0,0,0,0,0,0,0,0,0
Nagaland,2013,CRIMINAL BREACH OF TRUST,0,0,0,0,0,0,0,0,0,0,0,0,0,0,0
Nagaland,2013,CHEATING,0,0,0,0,0,0,0,0,0,0,0,0,0,0,0
Nagaland,2013,COUNTER FEITING,0,0,0,0,0,0,0,0,0,0,0,0,0,0,0
Nagaland,2013,DOWRY DEATHS,0,0,0,0,0,0,0,0,0,0,0,0,0,0,0
Nagaland,2013,MOLESTATION,0,0,0,1,0,1,0,0,0,0,0,0,1,0,1
Nagaland,2013,EVE-TEASING,0,0,0,0,0,0,0,0,0,0,0,0,0,0,0
Nagaland,2013,CRUELTY BY HUSBAND OR RELATIVE OF HUSBAND,0,0,0,0,0,0,0,0,0,0,0,0,0,0,0
Nagaland,2013,OTHER IPC CRIMES,0,0,0,1,0,1,0,0,0,0,0,0,1,0,1
Nagaland,2013,TOTAL IPC,0,0,0,47,0,47,37,2,39,5,0,5,89,2,91
Orissa,2013,MURDER,0,0,0,631,7,638,849,7,856,410,19,429,1890,33,1923
Orissa,2013,ATTEMPT TO COMMIT MURDER,0,0,0,134,3,137,150,42,192,77,5,82,361,50,411
Orissa,2013,C.H. NOT AMOUNTING TO MURDER,0,0,0,94,2,96,45,5,50,23,3,26,162,10,172
Orissa,2013,RAPE,0,0,0,136,0,136,45,0,45,10,0,10,191,0,191
Orissa,2013,KIDNAPPING AND ABDUCTION,0,0,0,12,0,12,12,0,12,8,0,8,32,0,32
Orissa,2013,DACOITY,0,0,0,104,0,104,47,0,47,5,0,5,156,0,156
Orissa,2013,PREP. AND ASSEMBLY FOR DACOITY,0,0,0,0,0,0,0,0,0,0,0,0,0,0,0
Orissa,2013,ROBBERY,0,0,0,34,0,34,18,0,18,0,0,0,52,0,52
Orissa,2013,BURGLARY,0,0,0,46,0,46,21,0,21,7,0,7,74,0,74
Orissa,2013,THEFTS,0,0,0,80,0,80,40,0,40,10,0,10,130,0,130
Orissa,2013,EXTORTION,0,0,0,0,0,0,0,0,0,0,0,0,0,0,0
Orissa,2013,RIOTS,0,0,0,0,0,0,0,0,0,0,0,0,0,0,0
Orissa,2013,ARSON,0,0,0,8,0,8,1,0,1,2,0,2,11,0,11
Orissa,2013,CRIMINAL BREACH OF TRUST,0,0,0,9,0,9,10,0,10,3,0,3,22,0,22
Orissa,2013,CHEATING,0,0,0,10,0,10,3,0,3,2,0,2,15,0,15
Orissa,2013,COUNTER FEITING,0,0,0,0,0,0,0,0,0,0,0,0,0,0,0
Orissa,2013,DOWRY DEATHS,0,0,0,3,0,3,20,3,23,5,0,5,28,3,31
Orissa,2013,MOLESTATION,0,0,0,5,0,5,5,0,5,3,0,3,13,0,13
Orissa,2013,EVE-TEASING,0,0,0,0,0,0,0,0,0,0,0,0,0,0,0
Orissa,2013,CRUELTY BY HUSBAND OR RELATIVE OF HUSBAND,0,0,0,24,2,26,10,2,12,8,0,8,42,4,46
Orissa,2013,OTHER IPC CRIMES,0,0,0,20,0,20,33,0,33,8,0,8,61,0,61
Orissa,2013,TOTAL IPC,0,0,0,1350,14,1364,1309,59,1368,581,27,608,3240,100,3340
Pondicherry,2013,MURDER,0,0,0,7,0,7,46,1,47,11,1,12,64,2,66
Pondicherry,2013,ATTEMPT TO COMMIT MURDER,0,0,0,0,0,0,0,0,0,0,0,0,0,0,0
Pondicherry,2013,C.H. NOT AMOUNTING TO MURDER,0,0,0,1,0,1,1,0,1,0,0,0,2,0,2
Pondicherry,2013,RAPE,0,0,0,0,0,0,2,0,2,1,0,1,3,0,3
Pondicherry,2013,KIDNAPPING AND ABDUCTION,0,0,0,1,0,1,2,0,2,1,0,1,4,0,4
Pondicherry,2013,DACOITY,0,0,0,0,0,0,0,0,0,0,0,0,0,0,0
Pondicherry,2013,PREP. AND ASSEMBLY FOR DACOITY,0,0,0,0,0,0,0,0,0,0,0,0,0,0,0
Pondicherry,2013,ROBBERY,0,0,0,0,0,0,0,0,0,0,0,0,0,0,0
Pondicherry,2013,BURGLARY,0,0,0,0,0,0,2,0,2,0,0,0,2,0,2
Pondicherry,2013,THEFTS,0,0,0,0,0,0,0,0,0,0,0,0,0,0,0
Pondicherry,2013,EXTORTION,0,0,0,0,0,0,0,0,0,0,0,0,0,0,0
Pondicherry,2013,RIOTS,0,0,0,0,0,0,0,0,0,0,0,0,0,0,0
Pondicherry,2013,ARSON,0,0,0,0,0,0,0,0,0,0,0,0,0,0,0
Pondicherry,2013,CRIMINAL BREACH OF TRUST,0,0,0,0,0,0,0,0,0,0,0,0,0,0,0
Pondicherry,2013,CHEATING,0,0,0,0,0,0,0,0,0,0,0,0,0,0,0
Pondicherry,2013,COUNTER FEITING,0,0,0,0,0,0,1,0,1,0,0,0,1,0,1
Pondicherry,2013,DOWRY DEATHS,0,0,0,0,0,0,0,0,0,1,0,1,1,0,1
Pondicherry,2013,MOLESTATION,0,0,0,0,0,0,0,0,0,0,0,0,0,0,0
Pondicherry,2013,EVE-TEASING,0,0,0,0,0,0,0,0,0,0,0,0,0,0,0
Pondicherry,2013,CRUELTY BY HUSBAND OR RELATIVE OF HUSBAND,0,0,0,0,0,0,0,0,0,0,0,0,0,0,0
Pondicherry,2013,OTHER IPC CRIMES,0,0,0,2,0,2,6,0,6,0,0,0,8,0,8
Pondicherry,2013,TOTAL IPC,0,0,0,11,0,11,60,1,61,14,1,15,85,2,87
Punjab,2013,MURDER,0,0,0,585,29,614,921,28,949,495,29,524,2001,86,2087
Punjab,2013,ATTEMPT TO COMMIT MURDER,0,0,0,221,19,240,387,5,392,104,5,109,712,29,741
Punjab,2013,C.H. NOT AMOUNTING TO MURDER,0,0,0,76,13,89,91,7,98,42,6,48,209,26,235
Punjab,2013,RAPE,0,0,0,113,8,121,195,9,204,72,4,76,380,21,401
Punjab,2013,KIDNAPPING AND ABDUCTION,0,0,0,93,1,94,88,5,93,36,7,43,217,13,230
Punjab,2013,DACOITY,0,0,0,47,0,47,93,2,95,9,1,10,149,3,152
Punjab,2013,PREP. AND ASSEMBLY FOR DACOITY,0,0,0,38,0,38,39,1,40,5,1,6,82,2,84
Punjab,2013,ROBBERY,0,0,0,62,1,63,69,1,70,21,2,23,152,4,156
Punjab,2013,BURGLARY,0,0,0,70,0,70,29,0,29,14,0,14,113,0,113
Punjab,2013,THEFTS,0,0,0,140,27,167,187,4,191,55,0,55,382,31,413
Punjab,2013,EXTORTION,0,0,0,12,0,12,22,0,22,6,0,6,40,0,40
Punjab,2013,RIOTS,0,0,0,30,1,31,21,1,22,3,0,3,54,2,56
Punjab,2013,ARSON,0,0,0,6,0,6,15,0,15,7,0,7,28,0,28
Punjab,2013,CRIMINAL BREACH OF TRUST,0,0,0,26,0,26,35,0,35,16,0,16,77,0,77
Punjab,2013,CHEATING,0,0,0,26,11,37,107,3,110,38,0,38,171,14,185
Punjab,2013,COUNTER FEITING,0,0,0,24,0,24,37,1,38,9,1,10,70,2,72
Punjab,2013,DOWRY DEATHS,0,0,0,155,37,192,183,21,204,57,5,62,395,63,458
Punjab,2013,MOLESTATION,0,0,0,33,0,33,17,0,17,4,0,4,54,0,54
Punjab,2013,EVE-TEASING,0,0,0,8,0,8,6,0,6,3,0,3,17,0,17
Punjab,2013,CRUELTY BY HUSBAND OR RELATIVE OF HUSBAND,0,0,0,63,7,70,81,6,87,26,0,26,170,13,183
Punjab,2013,OTHER IPC CRIMES,0,0,0,28,1,29,49,3,52,20,3,23,97,7,104
Punjab,2013,TOTAL IPC,0,0,0,1856,155,2011,2672,97,2769,1042,64,1106,5570,316,5886
Rajasthan,2013,MURDER,0,0,0,845,21,866,1679,107,1786,584,45,629,3108,173,3281
Rajasthan,2013,ATTEMPT TO COMMIT MURDER,0,0,0,109,0,109,131,0,131,40,0,40,280,0,280
Rajasthan,2013,C.H. NOT AMOUNTING TO MURDER,0,0,0,46,0,46,87,0,87,34,0,34,167,0,167
Rajasthan,2013,RAPE,0,0,0,198,0,198,184,9,193,43,4,47,425,13,438
Rajasthan,2013,KIDNAPPING AND ABDUCTION,0,0,0,66,0,66,62,0,62,19,1,20,147,1,148
Rajasthan,2013,DACOITY,0,0,0,56,0,56,42,0,42,12,0,12,110,0,110
Rajasthan,2013,PREP. AND ASSEMBLY FOR DACOITY,0,0,0,52,0,52,21,0,21,8,0,8,81,0,81
Rajasthan,2013,ROBBERY,0,0,0,33,0,33,65,0,65,8,0,8,106,0,106
Rajasthan,2013,BURGLARY,0,0,0,33,0,33,22,0,22,5,0,5,60,0,60
Rajasthan,2013,THEFTS,0,0,0,67,2,69,105,0,105,15,0,15,187,2,189
Rajasthan,2013,EXTORTION,0,0,0,8,0,8,7,0,7,0,0,0,15,0,15
Rajasthan,2013,RIOTS,0,0,0,9,0,9,7,0,7,0,0,0,16,0,16
Rajasthan,2013,ARSON,0,0,0,15,0,15,5,0,5,1,0,1,21,0,21
Rajasthan,2013,CRIMINAL BREACH OF TRUST,0,0,0,1,0,1,0,0,0,0,0,0,1,0,1
Rajasthan,2013,CHEATING,0,0,0,34,0,34,27,0,27,5,0,5,66,0,66
Rajasthan,2013,COUNTER FEITING,0,0,0,7,0,7,4,0,4,0,0,0,11,0,11
Rajasthan,2013,DOWRY DEATHS,0,0,0,59,0,59,68,15,83,40,5,45,167,20,187
Rajasthan,2013,MOLESTATION,0,0,0,3,0,3,13,0,13,1,0,1,17,0,17
Rajasthan,2013,EVE-TEASING,0,0,0,0,0,0,0,0,0,0,0,0,0,0,0
Rajasthan,2013,CRUELTY BY HUSBAND OR RELATIVE OF HUSBAND,0,0,0,6,0,6,16,0,16,0,2,2,22,2,24
Rajasthan,2013,OTHER IPC CRIMES,0,0,0,41,0,41,34,0,34,26,0,26,101,0,101
Rajasthan,2013,TOTAL IPC,0,0,0,1688,23,1711,2579,131,2710,841,57,898,5108,211,5319
Sikkim,2013,MURDER,0,0,0,1,1,2,29,0,29,5,0,5,35,1,36
Sikkim,2013,ATTEMPT TO COMMIT MURDER,0,0,0,0,0,0,0,0,0,0,0,0,0,0,0
Sikkim,2013,C.H. NOT AMOUNTING TO MURDER,0,0,0,0,0,0,5,0,5,1,0,1,6,0,6
Sikkim,2013,RAPE,0,0,0,5,0,5,20,0,20,0,0,0,25,0,25
Sikkim,2013,KIDNAPPING AND ABDUCTION,0,0,0,0,0,0,1,0,1,0,0,0,1,0,1
Sikkim,2013,DACOITY,0,0,0,0,0,0,0,0,0,0,0,0,0,0,0
Sikkim,2013,PREP. AND ASSEMBLY FOR DACOITY,0,0,0,0,0,0,0,0,0,0,0,0,0,0,0
Sikkim,2013,ROBBERY,0,0,0,0,0,0,0,0,0,0,0,0,0,0,0
Sikkim,2013,BURGLARY,0,0,0,4,0,4,2,0,2,0,0,0,6,0,6
Sikkim,2013,THEFTS,0,0,0,1,0,1,8,0,8,0,0,0,9,0,9
Sikkim,2013,EXTORTION,0,0,0,0,0,0,0,0,0,0,0,0,0,0,0
Sikkim,2013,RIOTS,0,0,0,0,0,0,0,0,0,0,0,0,0,0,0
Sikkim,2013,ARSON,0,0,0,0,0,0,0,0,0,0,0,0,0,0,0
Sikkim,2013,CRIMINAL BREACH OF TRUST,0,0,0,0,0,0,0,0,0,0,0,0,0,0,0
Sikkim,2013,CHEATING,0,0,0,0,0,0,2,0,2,0,0,0,2,0,2
Sikkim,2013,COUNTER FEITING,0,0,0,0,0,0,0,0,0,0,0,0,0,0,0
Sikkim,2013,DOWRY DEATHS,0,0,0,0,0,0,0,0,0,0,0,0,0,0,0
Sikkim,2013,MOLESTATION,0,0,0,0,0,0,6,0,6,0,0,0,6,0,6
Sikkim,2013,EVE-TEASING,0,0,0,0,0,0,0,0,0,0,0,0,0,0,0
Sikkim,2013,CRUELTY BY HUSBAND OR RELATIVE OF HUSBAND,0,0,0,0,0,0,2,0,2,0,0,0,2,0,2
Sikkim,2013,OTHER IPC CRIMES,0,0,0,0,0,0,0,0,0,0,0,0,0,0,0
Sikkim,2013,TOTAL IPC,0,0,0,11,1,12,75,0,75,6,0,6,92,1,93
Tamilnadu,2013,MURDER,0,0,0,698,21,719,1552,91,1643,348,28,376,2598,140,2738
Tamilnadu,2013,ATTEMPT TO COMMIT MURDER,0,0,0,74,3,77,287,3,290,62,0,62,423,6,429
Tamilnadu,2013,C.H. NOT AMOUNTING TO MURDER,0,0,0,3,0,3,14,1,15,16,3,19,33,4,37
Tamilnadu,2013,RAPE,0,0,0,25,0,25,64,0,64,10,0,10,99,0,99
Tamilnadu,2013,KIDNAPPING AND ABDUCTION,0,0,0,51,0,51,136,2,138,32,0,32,219,2,221
Tamilnadu,2013,DACOITY,0,0,0,27,0,27,100,1,101,20,0,20,147,1,148
Tamilnadu,2013,PREP. AND ASSEMBLY FOR DACOITY,0,0,0,2,0,2,0,0,0,4,0,4,6,0,6
Tamilnadu,2013,ROBBERY,0,0,0,83,0,83,81,1,82,31,0,31,195,1,196
Tamilnadu,2013,BURGLARY,0,0,0,9,0,9,51,0,51,25,0,25,85,0,85
Tamilnadu,2013,THEFTS,0,0,0,63,0,63,127,0,127,44,0,44,234,0,234
Tamilnadu,2013,EXTORTION,0,0,0,0,0,0,2,0,2,8,0,8,10,0,10
Tamilnadu,2013,RIOTS,0,0,0,0,0,0,0,0,0,0,0,0,0,0,0
Tamilnadu,2013,ARSON,0,0,0,0,0,0,0,0,0,0,0,0,0,0,0
Tamilnadu,2013,CRIMINAL BREACH OF TRUST,0,0,0,0,0,0,9,0,9,0,0,0,9,0,9
Tamilnadu,2013,CHEATING,0,0,0,20,0,20,7,0,7,11,0,11,38,0,38
Tamilnadu,2013,COUNTER FEITING,0,0,0,3,0,3,9,0,9,0,0,0,12,0,12
Tamilnadu,2013,DOWRY DEATHS,0,0,0,4,0,4,28,1,29,2,0,2,34,1,35
Tamilnadu,2013,MOLESTATION,0,0,0,0,0,0,0,0,0,0,0,0,0,0,0
Tamilnadu,2013,EVE-TEASING,0,0,0,8,0,8,5,0,5,0,0,0,13,0,13
Tamilnadu,2013,CRUELTY BY HUSBAND OR RELATIVE OF HUSBAND,0,0,0,5,0,5,75,0,75,8,0,8,88,0,88
Tamilnadu,2013,OTHER IPC CRIMES,0,0,0,2,0,2,0,1,1,2,0,2,4,1,5
Tamilnadu,2013,TOTAL IPC,0,0,0,1077,24,1101,2547,101,2648,623,31,654,4247,156,4403
Tripura,2013,MURDER,0,0,0,40,1,41,149,5,154,43,1,44,232,7,239
Tripura,2013,ATTEMPT TO COMMIT MURDER,0,0,0,1,0,1,2,0,2,2,0,2,5,0,5
Tripura,2013,C.H. NOT AMOUNTING TO MURDER,0,0,0,11,0,11,6,1,7,4,0,4,21,1,22
Tripura,2013,RAPE,0,0,0,37,1,38,56,0,56,3,0,3,96,1,97
Tripura,2013,KIDNAPPING AND ABDUCTION,0,0,0,7,0,7,5,0,5,1,1,2,13,1,14
Tripura,2013,DACOITY,0,0,0,0,0,0,0,0,0,0,0,0,0,0,0
Tripura,2013,PREP. AND ASSEMBLY FOR DACOITY,0,0,0,0,0,0,0,0,0,0,0,0,0,0,0
Tripura,2013,ROBBERY,0,0,0,0,0,0,2,0,2,0,0,0,2,0,2
Tripura,2013,BURGLARY,0,0,0,2,0,2,0,0,0,0,0,0,2,0,2
Tripura,2013,THEFTS,0,0,0,13,0,13,10,0,10,1,0,1,24,0,24
Tripura,2013,EXTORTION,0,0,0,0,0,0,0,0,0,0,0,0,0,0,0
Tripura,2013,RIOTS,0,0,0,2,0,2,5,0,5,0,0,0,7,0,7
Tripura,2013,ARSON,0,0,0,0,0,0,0,0,0,0,0,0,0,0,0
Tripura,2013,CRIMINAL BREACH OF TRUST,0,0,0,0,0,0,0,0,0,0,0,0,0,0,0
Tripura,2013,CHEATING,0,0,0,2,0,2,1,0,1,0,0,0,3,0,3
Tripura,2013,COUNTER FEITING,0,0,0,5,0,5,3,0,3,0,2,2,8,2,10
Tripura,2013,DOWRY DEATHS,0,0,0,8,0,8,18,0,18,3,2,5,29,2,31
Tripura,2013,MOLESTATION,0,0,0,0,0,0,0,0,0,3,0,3,3,0,3
Tripura,2013,EVE-TEASING,0,0,0,0,0,0,0,0,0,0,0,0,0,0,0
Tripura,2013,CRUELTY BY HUSBAND OR RELATIVE OF HUSBAND,0,0,0,5,0,5,8,0,8,0,0,0,13,0,13
Tripura,2013,OTHER IPC CRIMES,0,0,0,6,0,6,18,0,18,2,0,2,26,0,26
Tripura,2013,TOTAL IPC,0,0,0,139,2,141,283,6,289,62,6,68,484,14,498
Uttar Pradesh,2013,MURDER,0,0,0,1910,81,1991,7364,170,7534,4592,94,4686,13866,345,14211
Uttar Pradesh,2013,ATTEMPT TO COMMIT MURDER,0,0,0,400,2,402,606,10,616,293,22,315,1299,34,1333
Uttar Pradesh,2013,C.H. NOT AMOUNTING TO MURDER,0,0,0,284,12,296,454,30,484,239,12,251,977,54,1031
Uttar Pradesh,2013,RAPE,0,0,0,686,2,688,685,5,690,235,8,243,1606,15,1621
Uttar Pradesh,2013,KIDNAPPING AND ABDUCTION,0,0,0,213,6,219,364,16,380,105,6,111,682,28,710
Uttar Pradesh,2013,DACOITY,0,0,0,93,0,93,175,0,175,81,0,81,349,0,349
Uttar Pradesh,2013,PREP. AND ASSEMBLY FOR DACOITY,0,0,0,28,0,28,33,0,33,14,0,14,75,0,75
Uttar Pradesh,2013,ROBBERY,0,0,0,110,0,110,160,1,161,51,0,51,321,1,322
Uttar Pradesh,2013,BURGLARY,0,0,0,23,0,23,42,0,42,18,0,18,83,0,83
Uttar Pradesh,2013,THEFTS,0,0,0,257,1,258,202,3,205,57,0,57,516,4,520
Uttar Pradesh,2013,EXTORTION,0,0,0,14,0,14,11,0,11,1,0,1,26,0,26
Uttar Pradesh,2013,RIOTS,0,0,0,5,0,5,11,0,11,1,0,1,17,0,17
Uttar Pradesh,2013,ARSON,0,0,0,3,0,3,6,0,6,3,0,3,12,0,12
Uttar Pradesh,2013,CRIMINAL BREACH OF TRUST,0,0,0,4,0,4,33,0,33,18,0,18,55,0,55
Uttar Pradesh,2013,CHEATING,0,0,0,17,1,18,21,0,21,8,0,8,46,1,47
Uttar Pradesh,2013,COUNTER FEITING,0,0,0,23,0,23,38,0,38,10,0,10,71,0,71
Uttar Pradesh,2013,DOWRY DEATHS,0,0,0,513,73,586,842,157,999,364,178,542,1719,408,2127
Uttar Pradesh,2013,MOLESTATION,0,0,0,36,0,36,21,0,21,16,0,16,73,0,73
Uttar Pradesh,2013,EVE-TEASING,0,0,0,0,0,0,0,0,0,0,0,0,0,0,0
Uttar Pradesh,2013,CRUELTY BY HUSBAND OR RELATIVE OF HUSBAND,0,0,0,48,0,48,45,11,56,20,3,23,113,14,127
Uttar Pradesh,2013,OTHER IPC CRIMES,0,0,0,123,1,124,171,9,180,61,4,65,355,14,369
Uttar Pradesh,2013,TOTAL IPC,0,0,0,4790,179,4969,11284,412,11696,6187,327,6514,22261,918,23179
Uttaranchal,2013,MURDER,0,0,0,205,2,207,376,16,392,130,4,134,711,22,733
Uttaranchal,2013,ATTEMPT TO COMMIT MURDER,0,0,0,68,0,68,89,2,91,42,0,42,199,2,201
Uttaranchal,2013,C.H. NOT AMOUNTING TO MURDER,0,0,0,33,0,33,30,3,33,32,0,32,95,3,98
Uttaranchal,2013,RAPE,0,0,0,57,0,57,36,0,36,10,0,10,103,0,103
Uttaranchal,2013,KIDNAPPING AND ABDUCTION,0,0,0,4,0,4,23,1,24,12,0,12,39,1,40
Uttaranchal,2013,DACOITY,0,0,0,9,0,9,24,0,24,16,0,16,49,0,49
Uttaranchal,2013,PREP. AND ASSEMBLY FOR DACOITY,0,0,0,2,0,2,0,0,0,0,0,0,2,0,2
Uttaranchal,2013,ROBBERY,0,0,0,0,0,0,23,0,23,7,0,7,30,0,30
Uttaranchal,2013,BURGLARY,0,0,0,12,0,12,11,0,11,3,0,3,26,0,26
Uttaranchal,2013,THEFTS,0,0,0,52,0,52,42,4,46,28,0,28,122,4,126
Uttaranchal,2013,EXTORTION,0,0,0,0,0,0,0,0,0,0,0,0,0,0,0
Uttaranchal,2013,RIOTS,0,0,0,0,0,0,0,0,0,0,0,0,0,0,0
Uttaranchal,2013,ARSON,0,0,0,2,0,2,0,0,0,0,0,0,2,0,2
Uttaranchal,2013,CRIMINAL BREACH OF TRUST,0,0,0,0,0,0,1,0,1,4,0,4,5,0,5
Uttaranchal,2013,CHEATING,0,0,0,0,0,0,20,0,20,7,0,7,27,0,27
Uttaranchal,2013,COUNTER FEITING,0,0,0,3,0,3,2,0,2,0,0,0,5,0,5
Uttaranchal,2013,DOWRY DEATHS,0,0,0,30,9,39,21,7,28,26,7,33,77,23,100
Uttaranchal,2013,MOLESTATION,0,0,0,2,0,2,7,0,7,0,0,0,9,0,9
Uttaranchal,2013,EVE-TEASING,0,0,0,0,0,0,0,0,0,0,0,0,0,0,0
Uttaranchal,2013,CRUELTY BY HUSBAND OR RELATIVE OF HUSBAND,0,0,0,24,5,29,3,0,3,0,0,0,27,5,32
Uttaranchal,2013,OTHER IPC CRIMES,0,0,0,3,0,3,0,0,0,0,0,0,3,0,3
Uttaranchal,2013,TOTAL IPC,0,0,0,506,16,522,708,33,741,317,11,328,1531,60,1591
West Bengal,2013,MURDER,0,0,0,471,46,517,1509,67,1576,558,41,599,2538,154,2692
West Bengal,2013,ATTEMPT TO COMMIT MURDER,0,0,0,54,0,54,65,1,66,21,4,25,140,5,145
West Bengal,2013,C.H. NOT AMOUNTING TO MURDER,0,0,0,52,1,53,92,3,95,43,1,44,187,5,192
West Bengal,2013,RAPE,0,0,0,164,0,164,188,0,188,55,0,55,407,0,407
West Bengal,2013,KIDNAPPING AND ABDUCTION,0,0,0,77,8,85,89,9,98,26,4,30,192,21,213
West Bengal,2013,DACOITY,0,0,0,63,1,64,99,0,99,28,0,28,190,1,191
West Bengal,2013,PREP. AND ASSEMBLY FOR DACOITY,0,0,0,16,0,16,30,0,30,11,0,11,57,0,57
West Bengal,2013,ROBBERY,0,0,0,18,0,18,23,0,23,9,0,9,50,0,50
West Bengal,2013,BURGLARY,0,0,0,4,0,4,6,0,6,0,0,0,10,0,10
West Bengal,2013,THEFTS,0,0,0,29,0,29,10,0,10,9,0,9,48,0,48
West Bengal,2013,EXTORTION,0,0,0,1,0,1,2,0,2,1,0,1,4,0,4
West Bengal,2013,RIOTS,0,0,0,9,0,9,9,0,9,9,0,9,27,0,27
West Bengal,2013,ARSON,0,0,0,0,0,0,1,0,1,1,0,1,2,0,2
West Bengal,2013,CRIMINAL BREACH OF TRUST,0,0,0,0,0,0,1,0,1,0,0,0,1,0,1
West Bengal,2013,CHEATING,0,0,0,0,0,0,1,0,1,3,0,3,4,0,4
West Bengal,2013,COUNTER FEITING,0,0,0,9,0,9,19,0,19,1,0,1,29,0,29
West Bengal,2013,DOWRY DEATHS,0,0,0,39,5,44,62,13,75,50,21,71,151,39,190
West Bengal,2013,MOLESTATION,0,0,0,0,0,0,3,0,3,1,0,1,4,0,4
West Bengal,2013,EVE-TEASING,0,0,0,0,0,0,0,0,0,0,0,0,0,0,0
West Bengal,2013,CRUELTY BY HUSBAND OR RELATIVE OF HUSBAND,0,0,0,24,3,27,28,13,41,25,12,37,77,28,105
West Bengal,2013,OTHER IPC CRIMES,0,0,0,4,0,4,6,0,6,7,0,7,17,0,17
West Bengal,2013,TOTAL IPC,0,0,0,1034,64,1098,2243,106,2349,858,83,941,4135,253,4388
